0.8043707609176636	2.1939542293548584
0.8108636140823364	1.652848482131958
0.8108636140823364	1.6296865940093994
0.8108636140823364	1.6223877668380737
0.8108636140823364	1.6217772960662842
0.8108636140823364	1.6189476251602173
0.8108636140823364	1.6164648532867432
0.8108636140823364	1.611164927482605
0.8108636140823364	1.603187084197998
0.8108636140823364	1.5930172204971313
0.8044084906578064	1.6444224119186401
0.8104910850524902	1.6081035137176514
0.8104910850524902	1.6149648427963257
0.8104910850524902	1.6189723014831543
0.8104910850524902	1.613099217414856
0.8104910850524902	1.6138170957565308
0.8104910850524902	1.6183937788009644
0.8104910850524902	1.6188931465148926
0.8104910850524902	1.6159149408340454
0.8104910850524902	1.6145837306976318
0.8035182952880859	1.6786466836929321
0.8035182952880859	1.672064185142517
0.8035182952880859	1.6681478023529053
0.8035182952880859	1.6657052040100098
0.8035182952880859	1.6627269983291626
0.8035182952880859	1.661056637763977
0.8035182952880859	1.6609317064285278
0.8035182952880859	1.6596814393997192
0.8035182952880859	1.6577575206756592
0.8035182952880859	1.6566523313522339
0.8111979365348816	1.602704644203186
0.8111979365348816	1.596433162689209
0.8111979365348816	1.5912365913391113
0.8111979365348816	1.591071605682373
0.8111979365348816	1.5925122499465942
0.8111979365348816	1.595906376838684
0.8111979365348816	1.5985264778137207
0.8111979365348816	1.597597599029541
0.8111979365348816	1.5966702699661255
0.8111979365348816	1.5967007875442505
0.8111979365348816	1.5961592197418213
0.8111979365348816	1.5953856706619263
0.8111979365348816	1.5956252813339233
0.8111979365348816	1.5968941450119019
0.8111979365348816	1.597550868988037
0.8111979365348816	1.595035433769226
0.8111979365348816	1.5972623825073242
0.8111979365348816	1.5968555212020874
0.8111979365348816	1.5967140197753906
0.8111979365348816	1.5964362621307373
0.8111979365348816	1.5938518047332764
0.8111979365348816	1.5931819677352905
0.8111979365348816	1.593949317932129
0.8111979365348816	1.5900895595550537
0.8111979365348816	1.5724503993988037
0.8111979365348816	1.5671433210372925
0.8111979365348816	1.5679950714111328
0.8111979365348816	1.5721884965896606
0.8111979365348816	1.5871682167053223
0.8111979365348816	1.5899641513824463
0.8111979365348816	1.59635329246521
0.8111979365348816	1.5969725847244263
0.8111979365348816	1.5976835489273071
0.8111979365348816	1.5984489917755127
0.8111979365348816	1.5977118015289307
0.8111979365348816	1.5959640741348267
0.8111979365348816	1.5969969034194946
0.8111979365348816	1.5979169607162476
0.8111979365348816	1.5961664915084839
0.8111979365348816	1.5976569652557373
0.8111979365348816	1.595499038696289
0.8111979365348816	1.5969051122665405
0.8111979365348816	1.5950332880020142
0.8111979365348816	1.5929484367370605
0.8111979365348816	1.5918670892715454
0.8111979365348816	1.5902780294418335
0.8111979365348816	1.5892292261123657
0.8111979365348816	1.595563530921936
0.8111979365348816	1.5938407182693481
0.8111979365348816	1.5940370559692383
0.8068133592605591	1.652449131011963
0.8068133592605591	1.6433160305023193
0.8068133592605591	1.6403758525848389
0.8068133592605591	1.6387051343917847
0.8068133592605591	1.6362812519073486
0.8103269934654236	1.6112009286880493
0.8103269934654236	1.605716586112976
0.8103269934654236	1.6046959161758423
0.8103269934654236	1.6030608415603638
0.8103269934654236	1.6022578477859497
0.8103269934654236	1.6044327020645142
0.8103269934654236	1.6023401021957397
0.8103269934654236	1.6018210649490356
0.8103269934654236	1.6036707162857056
0.8103269934654236	1.603563904762268
0.8103269934654236	1.6022504568099976
0.8103269934654236	1.6033934354782104
0.8103269934654236	1.6046117544174194
0.8103269934654236	1.6041786670684814
0.8103269934654236	1.6013576984405518
0.8103269934654236	1.6013998985290527
0.8103269934654236	1.6016075611114502
0.8103269934654236	1.6008387804031372
0.8103269934654236	1.6021769046783447
0.8103269934654236	1.598137617111206
0.8101717829704285	1.5992528200149536
0.8103269934654236	1.5889452695846558
0.8103269934654236	1.603617787361145
0.8103269934654236	1.6030138731002808
0.8103269934654236	1.6011234521865845
0.8103269934654236	1.6008667945861816
0.8103269934654236	1.6024895906448364
0.8103269934654236	1.601352334022522
0.8103269934654236	1.601680874824524
0.8103269934654236	1.6006126403808594
0.8103269934654236	1.6012855768203735
0.8103269934654236	1.6011035442352295
0.8103269934654236	1.6001266241073608
0.8103269934654236	1.6010972261428833
0.8103269934654236	1.6008615493774414
0.8103269934654236	1.5998326539993286
0.8103269934654236	1.5997037887573242
0.8103269934654236	1.6004081964492798
0.8103269934654236	1.6008164882659912
0.8103269934654236	1.5993144512176514
0.8103269934654236	1.6004754304885864
0.8103269934654236	1.5999964475631714
0.8103269934654236	1.5834718942642212
0.8103269934654236	1.6009432077407837
0.8103269934654236	1.6042789220809937
0.8103269934654236	1.6012120246887207
0.8103269934654236	1.6023669242858887
0.8103269934654236	1.6016490459442139
0.8103269934654236	1.6007870435714722
0.8103269934654236	1.6003540754318237
0.8103269934654236	1.6004449129104614
0.8103269934654236	1.6001527309417725
0.8103269934654236	1.5987167358398438
0.8103269934654236	1.5984046459197998
0.8103269934654236	1.5989772081375122
0.8103269934654236	1.5991592407226562
0.8103269934654236	1.5990442037582397
0.8103269934654236	1.6008927822113037
0.8103269934654236	1.598210096359253
0.8103269934654236	1.5974934101104736
0.8103269934654236	1.5979857444763184
0.8103269934654236	1.597931981086731
0.8103269934654236	1.5993934869766235
0.8103269934654236	1.5985602140426636
0.8103269934654236	1.597435474395752
0.8103269934654236	1.5976413488388062
0.8103269934654236	1.5993809700012207
0.8103269934654236	1.5990550518035889
0.8103269934654236	1.59987473487854
0.8103269934654236	1.5988433361053467
0.8103269934654236	1.5978256464004517
0.8103269934654236	1.5992398262023926
0.8103269934654236	1.5983080863952637
0.8103269934654236	1.5960952043533325
0.8103269934654236	1.5971508026123047
0.8103269934654236	1.5967903137207031
0.8103269934654236	1.598157525062561
0.8103269934654236	1.5979650020599365
0.8103269934654236	1.5986045598983765
0.8103269934654236	1.597067952156067
0.8103269934654236	1.5971579551696777
0.8103269934654236	1.596796989440918
0.8103269934654236	1.59596848487854
0.8103269934654236	1.5972702503204346
0.8103269934654236	1.5969886779785156
0.8103269934654236	1.596694827079773
0.8103269934654236	1.5971704721450806
0.8103269934654236	1.5982356071472168
0.8103269934654236	1.596247911453247
0.8103269934654236	1.598230004310608
0.8103269934654236	1.5967961549758911
0.8103269934654236	1.596789002418518
0.8103269934654236	1.5971788167953491
0.8103269934654236	1.5969926118850708
0.8103269934654236	1.5965062379837036
0.8103269934654236	1.5965025424957275
0.8103269934654236	1.596345067024231
0.8103269934654236	1.5961755514144897
0.8103269934654236	1.5969067811965942
0.8103269934654236	1.5962402820587158
0.8103269934654236	1.5950907468795776
0.8103269934654236	1.597823143005371
0.8103269934654236	1.595914602279663
0.8103269934654236	1.594596266746521
0.8103269934654236	1.5973925590515137
0.8103269934654236	1.5943658351898193
0.8103269934654236	1.5959722995758057
0.8103269934654236	1.5958596467971802
0.8103269934654236	1.5956367254257202
0.8103269934654236	1.5968538522720337
0.8103269934654236	1.5953699350357056
0.8103269934654236	1.5949326753616333
0.8103269934654236	1.5966994762420654
0.8103269934654236	1.5959835052490234
0.8103269934654236	1.5949585437774658
0.8103269934654236	1.5966109037399292
0.8103269934654236	1.5964471101760864
0.8103269934654236	1.5944513082504272
0.8103269934654236	1.5956251621246338
0.8103269934654236	1.5962510108947754
0.8103269934654236	1.5942274332046509
0.8103269934654236	1.5957554578781128
0.8103269934654236	1.5949897766113281
0.8103269934654236	1.5956517457962036
0.8103269934654236	1.597487449645996
0.8103269934654236	1.5950011014938354
0.8103269934654236	1.5927472114562988
0.8103269934654236	1.5949832201004028
0.8103269934654236	1.595400094985962
0.8103269934654236	1.5947593450546265
0.8103269934654236	1.5945225954055786
0.8103269934654236	1.593990683555603
0.8103269934654236	1.5943883657455444
0.8103269934654236	1.59547758102417
0.8103269934654236	1.5947597026824951
0.8103269934654236	1.5939983129501343
0.8103269934654236	1.5948307514190674
0.8103269934654236	1.5940873622894287
0.8103269934654236	1.5946403741836548
0.8103269934654236	1.5978583097457886
0.8103269934654236	1.5941743850708008
0.8103269934654236	1.5946714878082275
0.8103269934654236	1.595023274421692
0.8103269934654236	1.595174789428711
0.8103269934654236	1.5947281122207642
0.8103269934654236	1.5952612161636353
0.8103269934654236	1.5939477682113647
0.8103269934654236	1.5939096212387085
0.8103269934654236	1.5927977561950684
0.8103269934654236	1.5941437482833862
0.8103269934654236	1.5941312313079834
0.8103269934654236	1.5944486856460571
0.8103269934654236	1.593192458152771
0.8103269934654236	1.5938383340835571
0.8103269934654236	1.5924503803253174
0.8103269934654236	1.5946345329284668
0.8103269934654236	1.5925699472427368
0.8103269934654236	1.593400001525879
0.8103269934654236	1.5933223962783813
0.8103269934654236	1.593587875366211
0.8103269934654236	1.5936030149459839
0.8103269934654236	1.5934703350067139
0.8103269934654236	1.5941370725631714
0.8103269934654236	1.593906283378601
0.8103269934654236	1.5938358306884766
0.8103269934654236	1.593527913093567
0.8103269934654236	1.594175934791565
0.8103269934654236	1.592227578163147
0.8103269934654236	1.5938571691513062
0.8103269934654236	1.593745231628418
0.8103269934654236	1.593064308166504
0.8103269934654236	1.592334508895874
0.8103269934654236	1.5924526453018188
0.8103269934654236	1.5925240516662598
0.8103269934654236	1.5937259197235107
0.8103269934654236	1.5934523344039917
0.8103269934654236	1.5929458141326904
0.8103269934654236	1.5939089059829712
0.8103269934654236	1.5935566425323486
0.8103269934654236	1.5939252376556396
0.8103269934654236	1.5922958850860596
0.8103269934654236	1.593148946762085
0.8103269934654236	1.592226266860962
0.8103269934654236	1.5916584730148315
0.8103269934654236	1.5917471647262573
0.8103269934654236	1.5921128988265991
0.8103269934654236	1.5921210050582886
0.8103269934654236	1.5937306880950928
0.8103269934654236	1.5910919904708862
0.8103269934654236	1.5920737981796265
0.8103269934654236	1.5916539430618286
0.8103269934654236	1.593735694885254
0.8103269934654236	1.5913665294647217
0.8103269934654236	1.5928071737289429
0.8103269934654236	1.5917541980743408
0.8103269934654236	1.5934662818908691
0.8103269934654236	1.5917773246765137
0.8103269934654236	1.591679334640503
0.8103269934654236	1.5933737754821777
0.8103269934654236	1.5923984050750732
0.8103269934654236	1.5912442207336426
0.8103269934654236	1.5916705131530762
0.8103269934654236	1.5916001796722412
0.8103269934654236	1.5925017595291138
0.8103269934654236	1.5929981470108032
0.8103269934654236	1.5899702310562134
0.8103269934654236	1.5921728610992432
0.8103269934654236	1.592917561531067
0.8103269934654236	1.5911065340042114
0.8103269934654236	1.5913643836975098
0.8103269934654236	1.5921138525009155
0.8103269934654236	1.5915101766586304
0.8103269934654236	1.592703938484192
0.8103269934654236	1.5916584730148315
0.8103269934654236	1.5929518938064575
0.8103269934654236	1.5922682285308838
0.8103269934654236	1.590165138244629
0.8103269934654236	1.5923418998718262
0.8103269934654236	1.5925158262252808
0.8103269934654236	1.5928500890731812
0.8103269934654236	1.5918478965759277
0.8103269934654236	1.5922499895095825
0.8103269934654236	1.591274619102478
0.8103269934654236	1.5919139385223389
0.8103269934654236	1.5898427963256836
0.8103269934654236	1.5910860300064087
0.8103269934654236	1.5933246612548828
0.8103269934654236	1.592222809791565
0.8103269934654236	1.5904337167739868
0.8103269934654236	1.5903741121292114
0.8103269934654236	1.5906060934066772
0.8103269934654236	1.5927379131317139
0.8103269934654236	1.5909607410430908
0.8103269934654236	1.5914971828460693
0.8103269934654236	1.5904184579849243
0.8103269934654236	1.5916035175323486
0.8103269934654236	1.592020869255066
0.8103269934654236	1.5921308994293213
0.8103269934654236	1.5921447277069092
0.8103269934654236	1.5912091732025146
0.8103269934654236	1.5919207334518433
0.8103269934654236	1.5896669626235962
0.8103269934654236	1.5916218757629395
0.8103269934654236	1.591382622718811
0.8103269934654236	1.5918434858322144
0.8103269934654236	1.5898808240890503
0.8103269934654236	1.5926787853240967
0.8103269934654236	1.5899721384048462
0.8103269934654236	1.5917868614196777
0.8103269934654236	1.5900496244430542
0.8103269934654236	1.5906004905700684
0.8103269934654236	1.5915824174880981
0.8103269934654236	1.5912245512008667
0.8103269934654236	1.5919451713562012
0.8103269934654236	1.5911390781402588
0.8103269934654236	1.591524600982666
0.8103269934654236	1.589714527130127
0.8103269934654236	1.590930700302124
0.8103269934654236	1.5909441709518433
0.8103269934654236	1.5898782014846802
0.8103269934654236	1.596178412437439
0.8103269934654236	1.590749740600586
0.8103269934654236	1.5906285047531128
0.8103269934654236	1.5915969610214233
0.8103269934654236	1.5946263074874878
0.8103269934654236	1.592921495437622
0.8103269934654236	1.5904380083084106
0.8103269934654236	1.592111349105835
0.8103269934654236	1.593041181564331
0.8103269934654236	1.5913586616516113
0.8103269934654236	1.5901460647583008
0.8103269934654236	1.5913487672805786
0.8103269934654236	1.591678261756897
0.8103269934654236	1.5916565656661987
0.8103269934654236	1.5921878814697266
0.8103269934654236	1.589735984802246
0.8103269934654236	1.5929404497146606
0.8103269934654236	1.5896624326705933
0.8103269934654236	1.5925025939941406
0.8103269934654236	1.592380404472351
0.8103269934654236	1.5912108421325684
0.8103269934654236	1.5914843082427979
0.8103269934654236	1.5903494358062744
0.8103269934654236	1.5903668403625488
0.8103269934654236	1.5907028913497925
0.8103269934654236	1.5925356149673462
0.8103269934654236	1.58993399143219
0.8103269934654236	1.5900510549545288
0.8103269934654236	1.5912474393844604
0.8103269934654236	1.590240716934204
0.8103269934654236	1.5907267332077026
0.8103269934654236	1.5902167558670044
0.8103269934654236	1.5885143280029297
0.8103269934654236	1.5913077592849731
0.8103269934654236	1.5893255472183228
0.8103269934654236	1.590467929840088
0.8103269934654236	1.589971661567688
0.8103269934654236	1.5893572568893433
0.8103269934654236	1.5877622365951538
0.8103269934654236	1.5883089303970337
0.8103269934654236	1.5896295309066772
0.8103269934654236	1.5902514457702637
0.8103269934654236	1.5904427766799927
0.8103269934654236	1.589473843574524
0.8103269934654236	1.5899051427841187
0.8103269934654236	1.589992642402649
0.8103269934654236	1.5905007123947144
0.8103269934654236	1.5891122817993164
0.8103269934654236	1.5913242101669312
0.8103269934654236	1.5908477306365967
0.8103269934654236	1.5890424251556396
0.8103269934654236	1.5905941724777222
0.8103269934654236	1.5921592712402344
0.8103269934654236	1.5906323194503784
0.8103269934654236	1.5907769203186035
0.8103269934654236	1.5900323390960693
0.8103269934654236	1.5906888246536255
0.8103269934654236	1.5897645950317383
0.8103269934654236	1.5899741649627686
0.8103269934654236	1.5914103984832764
0.8103269934654236	1.5906555652618408
0.8103269934654236	1.5901252031326294
0.8103269934654236	1.5907639265060425
0.8103269934654236	1.5897216796875
0.8103269934654236	1.5909044742584229
0.8103269934654236	1.5902825593948364
0.8103269934654236	1.5919287204742432
0.8103269934654236	1.5873161554336548
0.8103269934654236	1.585612177848816
0.8103269934654236	1.5921027660369873
0.8103269934654236	1.5915056467056274
0.8103269934654236	1.591782569885254
0.8103269934654236	1.5904141664505005
0.8103269934654236	1.5926674604415894
0.8103269934654236	1.5900577306747437
0.8103269934654236	1.5901994705200195
0.8103269934654236	1.5896881818771362
0.8103269934654236	1.5902763605117798
0.8103269934654236	1.5901885032653809
0.8103269934654236	1.5904606580734253
0.8103269934654236	1.5905143022537231
0.8103269934654236	1.589799165725708
0.8103269934654236	1.588826060295105
0.8103269934654236	1.5890644788742065
0.8103269934654236	1.589112639427185
0.8103269934654236	1.587835669517517
0.8103269934654236	1.5891135931015015
0.8103269934654236	1.5875164270401
0.8103269934654236	1.5895661115646362
0.8103269934654236	1.5899533033370972
0.8103269934654236	1.5890111923217773
0.8103269934654236	1.58838951587677
0.8103269934654236	1.588748812675476
0.8103269934654236	1.5898425579071045
0.8103269934654236	1.588309645652771
0.8103269934654236	1.5882229804992676
0.8103269934654236	1.5890434980392456
0.8103269934654236	1.5905264616012573
0.8103269934654236	1.5908937454223633
0.8103269934654236	1.5901353359222412
0.8103269934654236	1.5888749361038208
0.8103269934654236	1.590233325958252
0.8103269934654236	1.5895334482192993
0.8103269934654236	1.5893166065216064
0.8103269934654236	1.5897326469421387
0.8103269934654236	1.589903712272644
0.8103269934654236	1.5896366834640503
0.8103269934654236	1.5896799564361572
0.8103269934654236	1.5898997783660889
0.8103269934654236	1.5893621444702148
0.8103269934654236	1.5896927118301392
0.8103269934654236	1.5893514156341553
0.8103269934654236	1.588546872138977
0.8103269934654236	1.5881117582321167
0.8103269934654236	1.5889782905578613
0.8103269934654236	1.588575005531311
0.8103269934654236	1.5892027616500854
0.8103269934654236	1.588765025138855
0.8103269934654236	1.5884078741073608
0.8103269934654236	1.5887995958328247
0.8103269934654236	1.5879771709442139
0.8103269934654236	1.589128017425537
0.8103269934654236	1.5883387327194214
0.8103269934654236	1.5878874063491821
0.8103269934654236	1.587802767753601
0.8103269934654236	1.58717942237854
0.8103269934654236	1.5889840126037598
0.8103269934654236	1.58713698387146
0.8103269934654236	1.5877420902252197
0.8103269934654236	1.5897578001022339
0.8103269934654236	1.5866962671279907
0.8103269934654236	1.5897891521453857
0.8103269934654236	1.5896354913711548
0.8103269934654236	1.5885629653930664
0.8103269934654236	1.5891740322113037
0.8103269934654236	1.589189887046814
0.8103269934654236	1.5892447233200073
0.8103269934654236	1.5891822576522827
0.8103269934654236	1.5891433954238892
0.8103269934654236	1.5877937078475952
0.8103269934654236	1.5885114669799805
0.8103269934654236	1.5895318984985352
0.8103269934654236	1.5878067016601562
0.8103269934654236	1.5890766382217407
0.8103269934654236	1.5898553133010864
0.8103269934654236	1.5893423557281494
0.8103269934654236	1.5890014171600342
0.8103269934654236	1.590574860572815
0.8103269934654236	1.5875611305236816
0.8103269934654236	1.5888233184814453
0.8103269934654236	1.5869017839431763
0.8103269934654236	1.5899466276168823
0.8103269934654236	1.5871201753616333
0.8103269934654236	1.588233232498169
0.8103269934654236	1.5878784656524658
0.8103269934654236	1.5880192518234253
0.8103269934654236	1.5880249738693237
0.8103269934654236	1.5891584157943726
0.8103269934654236	1.5877169370651245
0.8103269934654236	1.5881145000457764
0.8103269934654236	1.5867259502410889
0.8103269934654236	1.5887967348098755
0.8103269934654236	1.5886006355285645
0.8103269934654236	1.5886863470077515
0.8103269934654236	1.5876444578170776
0.8103269934654236	1.588858723640442
0.8103269934654236	1.5884764194488525
0.8103269934654236	1.5880861282348633
0.8103269934654236	1.5870047807693481
0.8103269934654236	1.588799238204956
0.8103269934654236	1.5879788398742676
0.8103269934654236	1.586951494216919
0.8103269934654236	1.5882141590118408
0.8103269934654236	1.5888911485671997
0.8103269934654236	1.5876773595809937
0.8103269934654236	1.58717679977417
0.8103269934654236	1.5873887538909912
0.8103269934654236	1.5888558626174927
0.8103269934654236	1.5876691341400146
0.8103269934654236	1.588358759880066
0.8103269934654236	1.588761329650879
0.8103269934654236	1.5886164903640747
0.8103269934654236	1.5881247520446777
0.8103269934654236	1.5885531902313232
0.8103269934654236	1.5873692035675049
0.8103269934654236	1.5879817008972168
0.8103269934654236	1.5880601406097412
0.8103269934654236	1.5874994993209839
0.8103269934654236	1.5875664949417114
0.8103269934654236	1.589154601097107
0.8103269934654236	1.5893195867538452
0.8103269934654236	1.587262749671936
0.8103269934654236	1.5875352621078491
0.8103269934654236	1.5875928401947021
0.8103269934654236	1.5886081457138062
0.8103269934654236	1.5866870880126953
0.8103269934654236	1.5878524780273438
0.8103269934654236	1.5886969566345215
0.8103269934654236	1.5870128870010376
0.8103269934654236	1.5879782438278198
0.8103269934654236	1.588509440422058
0.8103269934654236	1.5862376689910889
0.8103269934654236	1.5886099338531494
0.8103269934654236	1.5864994525909424
0.8103269934654236	1.586676001548767
0.8103269934654236	1.5868812799453735
0.8103269934654236	1.587423324584961
0.8103269934654236	1.5877716541290283
0.8103269934654236	1.5869554281234741
0.8103269934654236	1.5884535312652588
0.8103269934654236	1.5879089832305908
0.8103269934654236	1.5869065523147583
0.8103269934654236	1.5865744352340698
0.8103269934654236	1.5873515605926514
0.8103269934654236	1.5857571363449097
0.8103269934654236	1.5866161584854126
0.8103269934654236	1.587165355682373
0.8103269934654236	1.5891273021697998
0.8103269934654236	1.5877325534820557
0.8103269934654236	1.5873149633407593
0.8103269934654236	1.5887552499771118
0.8103269934654236	1.5879758596420288
0.8103269934654236	1.5877275466918945
0.8103269934654236	1.5864222049713135
0.8103269934654236	1.589337706565857
0.8103269934654236	1.5874571800231934
0.8103269934654236	1.5894545316696167
0.8103269934654236	1.588866949081421
0.8103269934654236	1.5878615379333496
0.8103269934654236	1.5886566638946533
0.8103269934654236	1.5868932008743286
0.8103269934654236	1.5865250825881958
0.8103269934654236	1.5881054401397705
0.8103269934654236	1.589532732963562
0.8103269934654236	1.5883835554122925
0.8103269934654236	1.5886253118515015
0.8103269934654236	1.589203953742981
0.8103269934654236	1.5884432792663574
0.8103269934654236	1.5868780612945557
0.8103269934654236	1.586588740348816
0.8103269934654236	1.5877113342285156
0.8103269934654236	1.5875334739685059
0.8103269934654236	1.5872786045074463
0.8103269934654236	1.587355613708496
0.8103269934654236	1.5870888233184814
0.8103269934654236	1.5865639448165894
0.8103269934654236	1.5879201889038086
0.8103269934654236	1.5865509510040283
0.8103269934654236	1.5872132778167725
0.8103269934654236	1.5877156257629395
0.8103269934654236	1.5863760709762573
0.8103269934654236	1.5855273008346558
0.8103269934654236	1.5861001014709473
0.8103269934654236	1.5869888067245483
0.8103269934654236	1.5852704048156738
0.8103269934654236	1.585376501083374
0.8103269934654236	1.5865130424499512
0.8103269934654236	1.5865575075149536
0.8103269934654236	1.58608078956604
0.8103269934654236	1.5881320238113403
0.8103269934654236	1.5888844728469849
0.8103269934654236	1.587036371231079
0.8103269934654236	1.5870283842086792
0.8103269934654236	1.5868529081344604
0.8103269934654236	1.586840271949768
0.8103269934654236	1.5870660543441772
0.8103269934654236	1.5877618789672852
0.8103269934654236	1.5867514610290527
0.8103269934654236	1.5883831977844238
0.8103269934654236	1.587087631225586
0.8103269934654236	1.5880935192108154
0.8103269934654236	1.5866676568984985
0.8103269934654236	1.5899840593338013
0.8103269934654236	1.5873934030532837
0.8103269934654236	1.586506724357605
0.8103269934654236	1.5877846479415894
0.8103269934654236	1.5876283645629883
0.8103269934654236	1.5867466926574707
0.8103269934654236	1.587720513343811
0.8103269934654236	1.5861554145812988
0.8103269934654236	1.5863226652145386
0.8103269934654236	1.5860962867736816
0.8103269934654236	1.5865187644958496
0.8103269934654236	1.5864717960357666
0.8103269934654236	1.5852079391479492
0.8103269934654236	1.5877490043640137
0.8103269934654236	1.5857821702957153
0.8103269934654236	1.585423231124878
0.8103269934654236	1.5857114791870117
0.8103269934654236	1.585728406906128
0.8103269934654236	1.584808349609375
0.8103269934654236	1.5868974924087524
0.8103269934654236	1.5831834077835083
0.8103269934654236	1.584397554397583
0.8103269934654236	1.585578203201294
0.8103269934654236	1.5879414081573486
0.8103269934654236	1.5872868299484253
0.8103269934654236	1.5867047309875488
0.8103269934654236	1.5881831645965576
0.8103269934654236	1.588150978088379
0.8103269934654236	1.5880088806152344
0.8103269934654236	1.5875768661499023
0.8103269934654236	1.5861536264419556
0.8103269934654236	1.5865815877914429
0.8103269934654236	1.5868818759918213
0.8103269934654236	1.5867598056793213
0.8103269934654236	1.5874159336090088
0.8103269934654236	1.5870206356048584
0.8103269934654236	1.5876069068908691
0.8103269934654236	1.5871952772140503
0.8103269934654236	1.585988998413086
0.8103269934654236	1.5884957313537598
0.8103269934654236	1.587339162826538
0.8103269934654236	1.587095856666565
0.8103269934654236	1.5859911441802979
0.8103269934654236	1.5857493877410889
0.8103269934654236	1.5846643447875977
0.8103269934654236	1.5849878787994385
0.8103269934654236	1.5854921340942383
0.8103269934654236	1.5846197605133057
0.8103269934654236	1.5822265148162842
0.8103269934654236	1.5838857889175415
0.8103269934654236	1.5846580266952515
0.8103269934654236	1.5857211351394653
0.8103269934654236	1.584865689277649
0.8103269934654236	1.5871031284332275
0.8103269934654236	1.5859795808792114
0.8103269934654236	1.5840444564819336
0.8103269934654236	1.5851467847824097
0.8103269934654236	1.585444450378418
0.8103269934654236	1.5834696292877197
0.8103269934654236	1.5810467004776
0.8103269934654236	1.5890313386917114
0.8103269934654236	1.5878279209136963
0.8103269934654236	1.5859642028808594
0.8103269934654236	1.5866374969482422
0.8103269934654236	1.586818814277649
0.8103269934654236	1.5857380628585815
0.8103269934654236	1.5864765644073486
0.8103269934654236	1.585580587387085
0.8103269934654236	1.5843796730041504
0.8103269934654236	1.5860087871551514
0.8103269934654236	1.5851775407791138
0.8103269934654236	1.5856136083602905
0.8103269934654236	1.5856215953826904
0.8103269934654236	1.586441993713379
0.8103269934654236	1.5854750871658325
0.8103269934654236	1.584799885749817
0.8103269934654236	1.5860191583633423
0.8103269934654236	1.58714759349823
0.8103269934654236	1.5853713750839233
0.8103269934654236	1.5839674472808838
0.8103269934654236	1.5855398178100586
0.8103269934654236	1.5854477882385254
0.8103269934654236	1.5845725536346436
0.8103269934654236	1.5831985473632812
0.8103269934654236	1.5847629308700562
0.8103269934654236	1.5831940174102783
0.8103269934654236	1.5847193002700806
0.8103269934654236	1.5840815305709839
0.8103269934654236	1.584947943687439
0.8103269934654236	1.5823885202407837
0.8103269934654236	1.5838849544525146
0.8103269934654236	1.5827640295028687
0.8103269934654236	1.586899757385254
0.8103269934654236	1.5872679948806763
0.8103269934654236	1.5875473022460938
0.8103269934654236	1.5875520706176758
0.8103269934654236	1.5840568542480469
0.8103269934654236	1.586774230003357
0.8103269934654236	1.5864462852478027
0.8103269934654236	1.5865509510040283
0.8103269934654236	1.5871992111206055
0.8103269934654236	1.58659029006958
0.8103269934654236	1.585047721862793
0.8103269934654236	1.5846320390701294
0.8103269934654236	1.5864005088806152
0.8103269934654236	1.5861603021621704
0.8103269934654236	1.5856704711914062
0.8103269934654236	1.5864613056182861
0.8103269934654236	1.5869839191436768
0.8103269934654236	1.5845614671707153
0.8103269934654236	1.584836483001709
0.8103269934654236	1.5864838361740112
0.8103269934654236	1.5855339765548706
0.8103269934654236	1.5859593152999878
0.8103269934654236	1.5854872465133667
0.8103269934654236	1.5837697982788086
0.8103269934654236	1.585282564163208
0.8103269934654236	1.586935043334961
0.8103269934654236	1.585569143295288
0.8103269934654236	1.5851466655731201
0.8103269934654236	1.5847208499908447
0.8103269934654236	1.5853793621063232
0.8103269934654236	1.5847095251083374
0.8103269934654236	1.5848312377929688
0.8103269934654236	1.5842679738998413
0.8103269934654236	1.5854190587997437
0.8103269934654236	1.584601640701294
0.8103269934654236	1.584394097328186
0.8103269934654236	1.5853573083877563
0.8103269934654236	1.5857350826263428
0.8103269934654236	1.58499276638031
0.8103269934654236	1.586716651916504
0.8103269934654236	1.5852718353271484
0.8103269934654236	1.5873504877090454
0.8103269934654236	1.5846885442733765
0.8103269934654236	1.5860909223556519
0.8103269934654236	1.585263967514038
0.8103269934654236	1.5852991342544556
0.8103269934654236	1.5844920873641968
0.8103269934654236	1.5851198434829712
0.8103269934654236	1.5851269960403442
0.8103269934654236	1.5840048789978027
0.8103269934654236	1.5854268074035645
0.8103269934654236	1.5858644247055054
0.8103269934654236	1.585184097290039
0.8103269934654236	1.5860403776168823
0.8103269934654236	1.5852773189544678
0.8103269934654236	1.5870389938354492
0.8103269934654236	1.585137963294983
0.8103269934654236	1.5865777730941772
0.8103269934654236	1.5850611925125122
0.8103269934654236	1.585146188735962
0.8103269934654236	1.58293616771698
0.8103269934654236	1.5833828449249268
0.8103269934654236	1.5841814279556274
0.8103269934654236	1.5827089548110962
0.8103269934654236	1.5836457014083862
0.8103269934654236	1.5845977067947388
0.8103269934654236	1.5860189199447632
0.8103269934654236	1.5858502388000488
0.8103269934654236	1.5865756273269653
0.8103269934654236	1.585373878479004
0.8103269934654236	1.5843583345413208
0.8103269934654236	1.5864864587783813
0.8103269934654236	1.585429072380066
0.8103269934654236	1.584922432899475
0.8103269934654236	1.5846513509750366
0.8103269934654236	1.585798978805542
0.8103269934654236	1.5838170051574707
0.8103269934654236	1.5843788385391235
0.8103269934654236	1.5858674049377441
0.8103269934654236	1.584317684173584
0.8103269934654236	1.584694504737854
0.8103269934654236	1.5848393440246582
0.8103269934654236	1.5852667093276978
0.8103269934654236	1.5854851007461548
0.8103269934654236	1.5852047204971313
0.8103269934654236	1.5855118036270142
0.8103269934654236	1.584993600845337
0.8103269934654236	1.5846754312515259
0.8103269934654236	1.582274079322815
0.8103269934654236	1.5777637958526611
0.8103269934654236	1.585335373878479
0.8103269934654236	1.585991621017456
0.8103269934654236	1.585910677909851
0.8103269934654236	1.5863193273544312
0.8103269934654236	1.5864362716674805
0.8103269934654236	1.585096001625061
0.8103269934654236	1.5861941576004028
0.8103269934654236	1.5844680070877075
0.8103269934654236	1.584031581878662
0.8103269934654236	1.5829328298568726
0.8103269934654236	1.5848692655563354
0.8103269934654236	1.5849541425704956
0.8103269934654236	1.583066701889038
0.8103269934654236	1.584588885307312
0.8103269934654236	1.5852994918823242
0.8103269934654236	1.5846078395843506
0.8103269934654236	1.5859962701797485
0.8103269934654236	1.5844694375991821
0.8103269934654236	1.5845975875854492
0.8103269934654236	1.5852560997009277
0.8103269934654236	1.5848512649536133
0.8103269934654236	1.5847327709197998
0.8103269934654236	1.5851869583129883
0.8103269934654236	1.5844388008117676
0.8103269934654236	1.5847316980361938
0.8103269934654236	1.5852638483047485
0.8103269934654236	1.584395170211792
0.8103269934654236	1.5840833187103271
0.8103269934654236	1.5852937698364258
0.8103269934654236	1.5853604078292847
0.8103269934654236	1.5849732160568237
0.8103269934654236	1.5832509994506836
0.8103269934654236	1.583624243736267
0.8103269934654236	1.582744836807251
0.8103269934654236	1.5831170082092285
0.8103269934654236	1.5843623876571655
0.8103269934654236	1.5828208923339844
0.8103269934654236	1.5818818807601929
0.8103269934654236	1.5827341079711914
0.8103269934654236	1.5854061841964722
0.8103269934654236	1.585096001625061
0.8103269934654236	1.5849744081497192
0.8103269934654236	1.5843931436538696
0.8103269934654236	1.585113763809204
0.8103269934654236	1.584221601486206
0.8103269934654236	1.5839968919754028
0.8103269934654236	1.5847609043121338
0.8103269934654236	1.5838693380355835
0.8103269934654236	1.5829530954360962
0.8103269934654236	1.5848536491394043
0.8103269934654236	1.584594964981079
0.8103269934654236	1.5835410356521606
0.8103269934654236	1.5830209255218506
0.8103269934654236	1.583239197731018
0.8103269934654236	1.5838303565979004
0.8103269934654236	1.5822161436080933
0.8103269934654236	1.5834022760391235
0.8103269934654236	1.5836619138717651
0.8103269934654236	1.5831314325332642
0.8103269934654236	1.5828208923339844
0.8103269934654236	1.581973910331726
0.8103269934654236	1.581039309501648
0.8103269934654236	1.5809389352798462
0.8103269934654236	1.5807069540023804
0.8103269934654236	1.5808937549591064
0.8103269934654236	1.5806105136871338
0.8103269934654236	1.5804370641708374
0.8103269934654236	1.5807744264602661
0.8103269934654236	1.5806920528411865
0.8103269934654236	1.5812278985977173
0.8103269934654236	1.5802874565124512
0.8103269934654236	1.5848504304885864
0.8103269934654236	1.5878247022628784
0.8103269934654236	1.5860642194747925
0.8103269934654236	1.5866477489471436
0.8103269934654236	1.5855681896209717
0.8103269934654236	1.5854548215866089
0.8103269934654236	1.5843900442123413
0.8103269934654236	1.584637999534607
0.8103269934654236	1.5858880281448364
0.8103269934654236	1.585127353668213
0.8103269934654236	1.5843238830566406
0.8103269934654236	1.5846686363220215
0.8103269934654236	1.5842393636703491
0.8103269934654236	1.583253264427185
0.8103269934654236	1.582655906677246
0.8103269934654236	1.5840225219726562
0.8103269934654236	1.5827467441558838
0.8103269934654236	1.5826900005340576
0.8103269934654236	1.5841609239578247
0.8103269934654236	1.582645297050476
0.8103269934654236	1.5819990634918213
0.8103269934654236	1.5832622051239014
0.8103269934654236	1.5840892791748047
0.8103269934654236	1.5822135210037231
0.8103269934654236	1.5823193788528442
0.8103269934654236	1.582072377204895
0.8103269934654236	1.5825918912887573
0.8103269934654236	1.5829051733016968
0.8103269934654236	1.5852696895599365
0.8103269934654236	1.5839805603027344
0.8103269934654236	1.5856764316558838
0.8103269934654236	1.5841224193572998
0.8103269934654236	1.5834181308746338
0.8103269934654236	1.5838013887405396
0.8103269934654236	1.5840338468551636
0.8103269934654236	1.5823869705200195
0.8103269934654236	1.583085060119629
0.8103269934654236	1.5834475755691528
0.8103269934654236	1.5833592414855957
0.8103269934654236	1.5838972330093384
0.8103269934654236	1.5824025869369507
0.8103269934654236	1.583587646484375
0.8103269934654236	1.5835212469100952
0.8103269934654236	1.5822720527648926
0.8103269934654236	1.582496166229248
0.8103269934654236	1.5816494226455688
0.8103269934654236	1.581510066986084
0.8103269934654236	1.5821245908737183
0.8103269934654236	1.5815680027008057
0.8103269934654236	1.5809110403060913
0.8103269934654236	1.5827049016952515
0.8103269934654236	1.5813801288604736
0.8103269934654236	1.5811482667922974
0.8103269934654236	1.5823540687561035
0.8103269934654236	1.5820653438568115
0.8103269934654236	1.5822155475616455
0.8103269934654236	1.5825719833374023
0.8103269934654236	1.5810366868972778
0.8103269934654236	1.579818606376648
0.8103269934654236	1.5827674865722656
0.8103269934654236	1.5837209224700928
0.8103269934654236	1.583179235458374
0.8103269934654236	1.582146167755127
0.8103269934654236	1.581813931465149
0.8103269934654236	1.580691933631897
0.8103269934654236	1.5806776285171509
0.8103269934654236	1.5810894966125488
0.8103269934654236	1.5795669555664062
0.8103269934654236	1.5804773569107056
0.8103269934654236	1.5800701379776
0.8103269934654236	1.5826168060302734
0.8103269934654236	1.5810142755508423
0.8103269934654236	1.580376386642456
0.8103269934654236	1.580283761024475
0.8103269934654236	1.5799965858459473
0.8103269934654236	1.5800524950027466
0.8103269934654236	1.5796091556549072
0.8103269934654236	1.5804879665374756
0.8103269934654236	1.5799448490142822
0.8103269934654236	1.5798965692520142
0.8103269934654236	1.5801416635513306
0.8103269934654236	1.579466700553894
0.8103269934654236	1.5792378187179565
0.8103269934654236	1.5799446105957031
0.8103269934654236	1.5809355974197388
0.8103269934654236	1.5792937278747559
0.8103269934654236	1.583025574684143
0.8103269934654236	1.5812158584594727
0.8103269934654236	1.5816811323165894
0.8103269934654236	1.5829771757125854
0.8103269934654236	1.58130943775177
0.8103269934654236	1.580772876739502
0.8103269934654236	1.5799858570098877
0.8103269934654236	1.5800195932388306
0.8103269934654236	1.5800379514694214
0.8103269934654236	1.580212116241455
0.8103269934654236	1.5797468423843384
0.8103269934654236	1.5789463520050049
0.8103269934654236	1.5793544054031372
0.8103269934654236	1.579443097114563
0.8103269934654236	1.5798115730285645
0.8103269934654236	1.5788415670394897
0.8103269934654236	1.5790746212005615
0.8103269934654236	1.5796416997909546
0.8103269934654236	1.5801862478256226
0.8103269934654236	1.579379916191101
0.8103269934654236	1.579888939857483
0.8103269934654236	1.5799241065979004
0.8103269934654236	1.5793875455856323
0.8103269934654236	1.579323410987854
0.8103269934654236	1.579651117324829
0.8103269934654236	1.580264925956726
0.8103269934654236	1.579452395439148
0.8103269934654236	1.5791505575180054
0.8103269934654236	1.5795888900756836
0.8040780425071716	1.6494619846343994
0.8040780425071716	1.6475495100021362
0.8040780425071716	1.6466577053070068
0.8040780425071716	1.64549720287323
0.8040780425071716	1.644436001777649
0.8040780425071716	1.6443443298339844
0.8040780425071716	1.6440128087997437
0.8040780425071716	1.6428362131118774
0.8040780425071716	1.642174482345581
0.8040780425071716	1.6419514417648315
0.8040780425071716	1.6405972242355347
0.8040780425071716	1.6387441158294678
0.8040780425071716	1.6384905576705933
0.8040780425071716	1.6369000673294067
0.8040780425071716	1.6367242336273193
0.8040780425071716	1.6346849203109741
0.8040780425071716	1.634227991104126
0.8040780425071716	1.6330969333648682
0.8040780425071716	1.633296251296997
0.8040780425071716	1.6325619220733643
0.8040780425071716	1.6321182250976562
0.8040780425071716	1.6313422918319702
0.8040780425071716	1.6303534507751465
0.8040780425071716	1.62932288646698
0.8040780425071716	1.6289983987808228
0.8040780425071716	1.6286102533340454
0.8040780425071716	1.6279174089431763
0.8040780425071716	1.627336859703064
0.8040780425071716	1.6268634796142578
0.8040780425071716	1.6266725063323975
0.8040780425071716	1.626153588294983
0.8040780425071716	1.6258878707885742
0.8040780425071716	1.625864863395691
0.8040780425071716	1.6258033514022827
0.8040780425071716	1.6251317262649536
0.8040780425071716	1.6251581907272339
0.8040780425071716	1.6248847246170044
0.8040780425071716	1.625099539756775
0.8040780425071716	1.6251052618026733
0.8040780425071716	1.6250618696212769
0.8040780425071716	1.6246052980422974
0.8040780425071716	1.6247036457061768
0.8040780425071716	1.6248010396957397
0.8040780425071716	1.6241812705993652
0.8040780425071716	1.6244868040084839
0.8040780425071716	1.6245490312576294
0.8040780425071716	1.6240540742874146
0.8040780425071716	1.6246559619903564
0.8040780425071716	1.6246215105056763
0.8040780425071716	1.624118447303772
0.8040780425071716	1.6237876415252686
0.8040780425071716	1.623609185218811
0.8040780425071716	1.6245760917663574
0.8040780425071716	1.6237846612930298
0.8040780425071716	1.6244044303894043
0.8040780425071716	1.6241991519927979
0.8040780425071716	1.6243062019348145
0.8040780425071716	1.6234524250030518
0.8040780425071716	1.6242446899414062
0.8040780425071716	1.6242352724075317
0.8040780425071716	1.6253057718276978
0.8040780425071716	1.6243036985397339
0.8040780425071716	1.6236249208450317
0.8040780425071716	1.624150276184082
0.8040780425071716	1.6240483522415161
0.8040780425071716	1.6240569353103638
0.8040780425071716	1.6238243579864502
0.8040780425071716	1.623862624168396
0.8040780425071716	1.6239867210388184
0.8040780425071716	1.6235519647598267
0.8040780425071716	1.6237088441848755
0.8040780425071716	1.623599648475647
0.8040780425071716	1.6233139038085938
0.8040780425071716	1.623262643814087
0.8040780425071716	1.6233956813812256
0.8040780425071716	1.6228291988372803
0.8040780425071716	1.623868465423584
0.8040780425071716	1.6232026815414429
0.8040780425071716	1.6235343217849731
0.8040780425071716	1.6236572265625
0.8040780425071716	1.6229320764541626
0.8040780425071716	1.6229652166366577
0.8040780425071716	1.6238480806350708
0.8040780425071716	1.6231204271316528
0.8040780425071716	1.6236931085586548
0.8040780425071716	1.6232335567474365
0.8040780425071716	1.6231073141098022
0.8040780425071716	1.6236865520477295
0.8040780425071716	1.623253583908081
0.8040780425071716	1.6229040622711182
0.8040780425071716	1.6229099035263062
0.8040780425071716	1.6228094100952148
0.8040780425071716	1.6230452060699463
0.8040780425071716	1.6231132745742798
0.8040780425071716	1.6234934329986572
0.8040780425071716	1.6232863664627075
0.8040780425071716	1.623030662536621
0.8040780425071716	1.6230498552322388
0.8040780425071716	1.6237789392471313
0.8040780425071716	1.6231127977371216
0.8040780425071716	1.6225926876068115
0.8040780425071716	1.6230380535125732
0.8040780425071716	1.6230542659759521
0.8040780425071716	1.622849941253662
0.8040780425071716	1.6226201057434082
0.8040780425071716	1.6230233907699585
0.8040780425071716	1.6223126649856567
0.8040780425071716	1.6229857206344604
0.8040780425071716	1.6230406761169434
0.8040780425071716	1.6233245134353638
0.8040780425071716	1.6227476596832275
0.8040780425071716	1.622613787651062
0.8040780425071716	1.6223589181900024
0.8040780425071716	1.6220325231552124
0.8040780425071716	1.6228727102279663
0.8040780425071716	1.622558355331421
0.8040780425071716	1.6225188970565796
0.8040780425071716	1.622549295425415
0.8040780425071716	1.625125765800476
0.8040780425071716	1.6277213096618652
0.8040780425071716	1.6282449960708618
0.8040780425071716	1.6278679370880127
0.8040780425071716	1.6295969486236572
0.8040780425071716	1.6286673545837402
0.8040780425071716	1.6265085935592651
0.8040780425071716	1.626997470855713
0.8040780425071716	1.626556634902954
0.8040780425071716	1.6263610124588013
0.8040780425071716	1.6273702383041382
0.8040780425071716	1.6260883808135986
0.8040780425071716	1.6263099908828735
0.8040780425071716	1.6256977319717407
0.8040780425071716	1.625895619392395
0.8040780425071716	1.6263459920883179
0.8040780425071716	1.6263724565505981
0.8040780425071716	1.6250088214874268
0.8040780425071716	1.6244335174560547
0.8040780425071716	1.6252447366714478
0.8040780425071716	1.6233030557632446
0.8040780425071716	1.6255769729614258
0.8040780425071716	1.6264070272445679
0.8040780425071716	1.6244534254074097
0.8040780425071716	1.6238553524017334
0.8040780425071716	1.6253339052200317
0.8040780425071716	1.6231456995010376
0.8040780425071716	1.623247742652893
0.8040780425071716	1.6239657402038574
0.8040780425071716	1.6226459741592407
0.8040780425071716	1.621999740600586
0.8040780425071716	1.6220368146896362
0.8040780425071716	1.6214945316314697
0.8040780425071716	1.6216073036193848
0.8040780425071716	1.6218700408935547
0.8040780425071716	1.6217305660247803
0.8040780425071716	1.6218260526657104
0.8040780425071716	1.6221450567245483
0.8040780425071716	1.6221662759780884
0.8040780425071716	1.6220930814743042
0.8040780425071716	1.6224124431610107
0.8040780425071716	1.6255933046340942
0.8040780425071716	1.6292083263397217
0.8040780425071716	1.6285300254821777
0.8040780425071716	1.6267294883728027
0.8040780425071716	1.6248825788497925
0.8040780425071716	1.6235407590866089
0.8040780425071716	1.6225265264511108
0.8040780425071716	1.6223344802856445
0.8040780425071716	1.6221033334732056
0.8040780425071716	1.621688961982727
0.8040780425071716	1.621544599533081
0.8040780425071716	1.6219178438186646
0.8040780425071716	1.6212859153747559
0.8040780425071716	1.621595859527588
0.8040780425071716	1.6212974786758423
0.8040780425071716	1.6213922500610352
0.8040780425071716	1.6214934587478638
0.8040780425071716	1.6215990781784058
0.8040780425071716	1.6226394176483154
0.8040780425071716	1.621530294418335
0.8040780425071716	1.621647834777832
0.8040780425071716	1.6214767694473267
0.8040780425071716	1.6215064525604248
0.8040780425071716	1.6215155124664307
0.8040780425071716	1.6214048862457275
0.8040780425071716	1.6210992336273193
0.8040780425071716	1.6219980716705322
0.8040780425071716	1.6214535236358643
0.8040780425071716	1.6212239265441895
0.8040780425071716	1.621427297592163
0.8040780425071716	1.6221508979797363
0.8040780425071716	1.621375560760498
0.8040780425071716	1.6221753358840942
0.8040780425071716	1.6216641664505005
0.8040780425071716	1.621518850326538
0.8040780425071716	1.6211243867874146
0.8040780425071716	1.6218018531799316
0.8040780425071716	1.6219676733016968
0.8040780425071716	1.622687578201294
0.8040780425071716	1.6221120357513428
0.8040780425071716	1.6216135025024414
0.8033588528633118	1.6700124740600586
0.8033588528633118	1.6670171022415161
0.8033588528633118	1.6676971912384033
0.8033588528633118	1.665557861328125
0.8033588528633118	1.6626733541488647
0.8033588528633118	1.6610925197601318
0.8033588528633118	1.657811164855957
0.8033588528633118	1.6573132276535034
0.8033588528633118	1.6545556783676147
0.8033588528633118	1.651867151260376
0.8033588528633118	1.6499470472335815
0.8033588528633118	1.6472136974334717
0.8033588528633118	1.644849181175232
0.8033588528633118	1.643187165260315
0.8033588528633118	1.6409835815429688
0.8033588528633118	1.6398833990097046
0.8033588528633118	1.6394908428192139
0.8033588528633118	1.6386730670928955
0.8033588528633118	1.6379090547561646
0.8033588528633118	1.637579321861267
0.8033588528633118	1.6371500492095947
0.8033588528633118	1.6363755464553833
0.8033588528633118	1.6362004280090332
0.8033588528633118	1.636082649230957
0.8033588528633118	1.6357765197753906
0.8033588528633118	1.6352018117904663
0.8033588528633118	1.635267972946167
0.8033588528633118	1.6353760957717896
0.8033588528633118	1.6344150304794312
0.8033588528633118	1.6348991394042969
0.8033588528633118	1.6350398063659668
0.8033588528633118	1.6345916986465454
0.8033588528633118	1.6347031593322754
0.8033588528633118	1.634652853012085
0.8033588528633118	1.6342360973358154
0.8033588528633118	1.6337066888809204
0.8033588528633118	1.6337178945541382
0.8033588528633118	1.633676528930664
0.8033588528633118	1.6334389448165894
0.8033588528633118	1.633359432220459
0.8033588528633118	1.6327793598175049
0.8033588528633118	1.6326327323913574
0.8033588528633118	1.6336482763290405
0.8033588528633118	1.6330046653747559
0.8033588528633118	1.6332652568817139
0.8033588528633118	1.6342952251434326
0.8033588528633118	1.6329371929168701
0.8033588528633118	1.6329574584960938
0.8033588528633118	1.6329941749572754
0.8033588528633118	1.6328028440475464
0.8033588528633118	1.6327717304229736
0.8033588528633118	1.632549524307251
0.8033588528633118	1.6324933767318726
0.8033588528633118	1.6329327821731567
0.8033588528633118	1.632919192314148
0.8033588528633118	1.6328258514404297
0.8033588528633118	1.6323221921920776
0.8033588528633118	1.6324462890625
0.8033588528633118	1.6322402954101562
0.8033588528633118	1.6324049234390259
0.8033588528633118	1.6322615146636963
0.8033588528633118	1.631807565689087
0.8033588528633118	1.6313209533691406
0.8033588528633118	1.6314888000488281
0.8033588528633118	1.6317720413208008
0.8033588528633118	1.6322283744812012
0.8033588528633118	1.6322532892227173
0.8033588528633118	1.6321985721588135
0.8033588528633118	1.6321913003921509
0.8033588528633118	1.6320003271102905
0.8033588528633118	1.6316545009613037
0.8033588528633118	1.6318320035934448
0.8033588528633118	1.6317715644836426
0.8033588528633118	1.6311997175216675
0.8033588528633118	1.6318036317825317
0.8033588528633118	1.6321823596954346
0.8033588528633118	1.6317497491836548
0.8033588528633118	1.6311947107315063
0.8033588528633118	1.6315292119979858
0.8033588528633118	1.631451964378357
0.8033588528633118	1.6315151453018188
0.8033588528633118	1.6316008567810059
0.8033588528633118	1.6316481828689575
0.8033588528633118	1.6314486265182495
0.8033588528633118	1.6315127611160278
0.8033588528633118	1.630773901939392
0.8033588528633118	1.6307939291000366
0.8033588528633118	1.631543755531311
0.8033588528633118	1.631453275680542
0.8033588528633118	1.6315226554870605
0.8033588528633118	1.6315213441848755
0.8033588528633118	1.6309770345687866
0.8033588528633118	1.6305564641952515
0.8033588528633118	1.6328308582305908
0.8033588528633118	1.6312940120697021
0.8033588528633118	1.6324127912521362
0.8033588528633118	1.632941722869873
0.8033588528633118	1.6357990503311157
0.8033588528633118	1.633013367652893
0.8033588528633118	1.6348148584365845
